GM18501.XY.YRI.AFR	YRI
GM18507.XY.YRI.AFR	YRI
GM18519.XY.YRI.AFR	YRI
GM18856.XY.YRI.AFR	YRI
GM18861.XX.YRI.AFR	YRI
GM18864.XX.YRI.AFR	YRI
GM18865.XY.YRI.AFR	YRI
GM18870.XX.YRI.AFR	YRI
GM18871.XY.YRI.AFR	YRI
GM18876.XX.YRI.AFR	YRI
GM18879.XY.YRI.AFR	YRI
GM18915.XY.YRI.AFR	YRI
GM18924.XX.YRI.AFR	YRI
GM19035.XY.LWK.AFR	LWK
GM19038.XX.LWK.AFR	LWK
GM19041.XY.LWK.AFR	LWK
GM19238.XX.YRI.AFR	YRI
GM19308.XY.LWK.AFR	LWK
GM19312.XY.LWK.AFR	LWK
GM19404.XX.LWK.AFR	LWK
GM19429.XY.LWK.AFR	LWK
GM19430.XY.LWK.AFR	LWK
GM19435.XX.LWK.AFR	LWK
GM19437.XX.LWK.AFR	LWK
GM19438.XX.LWK.AFR	LWK
GM19440.XX.LWK.AFR	LWK
GM19446.XX.LWK.AFR	LWK
GM19448.XY.LWK.AFR	LWK
GM19452.XY.LWK.AFR	LWK
GM19455.XY.LWK.AFR	LWK
GM19457.XX.LWK.AFR	LWK
GM19462.XX.LWK.AFR	LWK
GM19466.XY.LWK.AFR	LWK
GM19467.XX.LWK.AFR	LWK
GM19471.XX.LWK.AFR	LWK
GM19473.XX.LWK.AFR	LWK
GM19475.XX.LWK.AFR	LWK
HG02051.XY.ACB.AFR	ACB
HG02282.XX.ACB.AFR	ACB
HG02321.XX.ACB.AFR	ACB
HG02330.XY.ACB.AFR	ACB
HG02334.XY.ACB.AFR	ACB
HG02339.XX.ACB.AFR	ACB
HG02343.XY.ACB.AFR	ACB
HG02439.XY.ACB.AFR	ACB
HG02461.XY.GWD.AFR	GWD
HG02462.XX.GWD.AFR	GWD
HG02464.XY.GWD.AFR	GWD
HG02465.XX.GWD.AFR	GWD
HG02470.XY.ACB.AFR	ACB
HG02471.XX.ACB.AFR	ACB
HG02479.XX.ACB.AFR	ACB
HG02484.XY.ACB.AFR	ACB
HG02497.XX.ACB.AFR	ACB
HG02501.XY.ACB.AFR	ACB
HG02502.XX.ACB.AFR	ACB
HG02511.XX.ACB.AFR	ACB
HG02541.XY.ACB.AFR	ACB
HG02549.XX.ACB.AFR	ACB
HG02555.XX.ACB.AFR	ACB
HG02570.XY.GWD.AFR	GWD
HG02571.XX.GWD.AFR	GWD
HG02594.XY.GWD.AFR	GWD
HG02613.XY.GWD.AFR	GWD
HG02614.XX.GWD.AFR	GWD
HG02615.XX.GWD.AFR	GWD
HG02623.XY.GWD.AFR	GWD
HG02624.XX.GWD.AFR	GWD
HG02645.XY.GWD.AFR	GWD
HG02646.XX.GWD.AFR	GWD
HG02675.XY.GWD.AFR	GWD
HG02759.XY.GWD.AFR	GWD
HG02763.XX.GWD.AFR	GWD
HG02772.XX.GWD.AFR	GWD
HG02798.XY.GWD.AFR	GWD
HG02808.XX.GWD.AFR	GWD
HG02810.XY.GWD.AFR	GWD
HG02811.XX.GWD.AFR	GWD
HG02816.XY.GWD.AFR	GWD
HG02817.XX.GWD.AFR	GWD
HG02819.XY.GWD.AFR	GWD
HG02820.XX.GWD.AFR	GWD
HG02837.XX.GWD.AFR	GWD
HG02840.XX.GWD.AFR	GWD
HG02852.XX.GWD.AFR	GWD
HG02854.XY.GWD.AFR	GWD
HG02860.XY.GWD.AFR	GWD
HG02861.XX.GWD.AFR	GWD
HG02884.XY.GWD.AFR	GWD
HG02885.XX.GWD.AFR	GWD
HG02887.XY.GWD.AFR	GWD
HG02891.XX.GWD.AFR	GWD
HG02923.XY.ESN.AFR	ESN
HG02952.XX.ESN.AFR	ESN
HG02968.XY.ESN.AFR	ESN
HG02973.XY.ESN.AFR	ESN
HG02974.XX.ESN.AFR	ESN
HG02977.XY.ESN.AFR	ESN
HG02979.XX.ESN.AFR	ESN
HG02981.XY.ESN.AFR	ESN
HG03027.XY.GWD.AFR	GWD
HG03045.XY.GWD.AFR	GWD
HG03055.XX.MSL.AFR	MSL
HG03057.XY.MSL.AFR	MSL
HG03064.XX.MSL.AFR	MSL
HG03066.XY.MSL.AFR	MSL
HG03069.XY.MSL.AFR	MSL
HG03072.XY.MSL.AFR	MSL
HG03079.XX.MSL.AFR	MSL
HG03084.XY.MSL.AFR	MSL
HG03086.XX.MSL.AFR	MSL
HG03099.XX.ESN.AFR	ESN
HG03118.XY.ESN.AFR	ESN
HG03120.XY.ESN.AFR	ESN
HG03121.XX.ESN.AFR	ESN
HG03123.XX.ESN.AFR	ESN
HG03129.XX.ESN.AFR	ESN
HG03157.XY.ESN.AFR	ESN
HG03160.XY.ESN.AFR	ESN
HG03166.XY.ESN.AFR	ESN
HG03168.XX.ESN.AFR	ESN
HG03169.XY.ESN.AFR	ESN
HG03196.XY.ESN.AFR	ESN
HG03212.XX.MSL.AFR	MSL
HG03224.XY.MSL.AFR	MSL
HG03279.XX.ESN.AFR	ESN
HG03280.XY.ESN.AFR	ESN
HG03297.XX.ESN.AFR	ESN
HG03298.XY.ESN.AFR	ESN
HG03351.XX.ESN.AFR	ESN
HG03352.XY.ESN.AFR	ESN
HG03354.XX.ESN.AFR	ESN
HG03366.XX.ESN.AFR	ESN
HG03367.XY.ESN.AFR	ESN
HG03369.XX.ESN.AFR	ESN
HG03370.XY.ESN.AFR	ESN
HG03371.XY.ESN.AFR	ESN
HG03376.XY.MSL.AFR	MSL
HG03378.XX.MSL.AFR	MSL
HG03382.XY.MSL.AFR	MSL
HG03385.XY.MSL.AFR	MSL
HG03391.XY.MSL.AFR	MSL
HG03398.XX.MSL.AFR	MSL
HG03401.XX.MSL.AFR	MSL
HG03433.XY.MSL.AFR	MSL
HG03436.XY.MSL.AFR	MSL
HG03437.XX.MSL.AFR	MSL
HG03445.XY.MSL.AFR	MSL
HG03460.XY.MSL.AFR	MSL
HG03464.XX.MSL.AFR	MSL
HG03472.XY.MSL.AFR	MSL
HG03478.XY.MSL.AFR	MSL
HG03479.XX.MSL.AFR	MSL
HG03499.XX.ESN.AFR	ESN
HG03514.XX.ESN.AFR	ESN
HG03538.XY.GWD.AFR	GWD
HG03548.XX.MSL.AFR	MSL
HG03557.XX.MSL.AFR	MSL
HG03563.XX.MSL.AFR	MSL
HG03571.XY.MSL.AFR	MSL
HG03572.XX.MSL.AFR	MSL
HG03575.XX.MSL.AFR	MSL
HG03583.XX.MSL.AFR	MSL
GM19788.XX.MXL.AMR	MXL
HG00553.XY.PUR.AMR	PUR
HG00731.XY.PUR.AMR	PUR
HG00742.XY.PUR.AMR	PUR
HG00743.XX.PUR.AMR	PUR
HG01052.XX.PUR.AMR	PUR
HG01061.XX.PUR.AMR	PUR
HG01063.XY.PUR.AMR	PUR
HG01064.XX.PUR.AMR	PUR
HG01077.XX.PUR.AMR	PUR
HG01088.XY.PUR.AMR	PUR
HG01092.XX.PUR.AMR	PUR
HG01113.XX.CLM.AMR	CLM
HG01122.XX.CLM.AMR	CLM
HG01125.XX.CLM.AMR	CLM
HG01161.XY.PUR.AMR	PUR
HG01164.XY.PUR.AMR	PUR
HG01170.XY.PUR.AMR	PUR
HG01173.XY.PUR.AMR	PUR
HG01190.XY.PUR.AMR	PUR
HG01200.XY.PUR.AMR	PUR
HG01204.XY.PUR.AMR	PUR
HG01250.XY.CLM.AMR	CLM
HG01251.XX.CLM.AMR	CLM
HG01258.XY.CLM.AMR	CLM
HG01260.XX.CLM.AMR	CLM
HG01271.XY.CLM.AMR	CLM
HG01277.XY.CLM.AMR	CLM
HG01281.XX.CLM.AMR	CLM
HG01303.XX.PUR.AMR	PUR
HG01305.XY.PUR.AMR	PUR
HG01312.XX.PUR.AMR	PUR
HG01323.XX.PUR.AMR	PUR
HG01326.XX.PUR.AMR	PUR
HG01342.XX.CLM.AMR	CLM
HG01363.XX.CLM.AMR	CLM
HG01369.XX.CLM.AMR	CLM
HG01372.XX.CLM.AMR	CLM
HG01393.XX.PUR.AMR	PUR
HG01395.XY.PUR.AMR	PUR
HG01402.XY.PUR.AMR	PUR
HG01403.XX.PUR.AMR	PUR
HG01405.XY.PUR.AMR	PUR
HG01413.XY.PUR.AMR	PUR
HG01414.XX.PUR.AMR	PUR
HG01435.XX.CLM.AMR	CLM
HG01443.XY.CLM.AMR	CLM
HG01459.XX.CLM.AMR	CLM
HG01461.XY.CLM.AMR	CLM
HG01468.XX.CLM.AMR	CLM
HG01485.XY.CLM.AMR	CLM
HG01486.XX.CLM.AMR	CLM
HG01893.XX.PEL.AMR	PEL
HG01920.XY.PEL.AMR	PEL
HG01970.XY.PEL.AMR	PEL
HG01973.XX.PEL.AMR	PEL
HG02090.XY.PEL.AMR	PEL
HG02102.XX.PEL.AMR	PEL
HG02150.XY.PEL.AMR	PEL
HG02252.XX.PEL.AMR	PEL
HG02262.XY.PEL.AMR	PEL
HG02301.XX.PEL.AMR	PEL
HG02304.XY.PEL.AMR	PEL
HG02312.XX.PEL.AMR	PEL
HG02345.XX.PEL.AMR	PEL
HG02348.XX.PEL.AMR	PEL
HG02425.XX.PEL.AMR	PEL
HG00410.XX.CHS.EAS	CHS
HG00463.XY.CHS.EAS	CHS
HG00473.XX.CHS.EAS	CHS
HG00513.XX.CHS.EAS	CHS
HG00525.XX.CHS.EAS	CHS
HG00533.XY.CHS.EAS	CHS
HG00556.XY.CHS.EAS	CHS
HG00581.XX.CHS.EAS	CHS
HG00590.XX.CHS.EAS	CHS
HG00598.XY.CHS.EAS	CHS
HG00599.XX.CHS.EAS	CHS
HG00623.XX.CHS.EAS	CHS
HG00625.XY.CHS.EAS	CHS
HG00631.XY.CHS.EAS	CHS
HG00653.XY.CHS.EAS	CHS
HG00663.XX.CHS.EAS	CHS
HG00674.XY.CHS.EAS	CHS
HG00675.XX.CHS.EAS	CHS
HG00693.XX.CHS.EAS	CHS
HG00704.XY.CHS.EAS	CHS
HG00705.XX.CHS.EAS	CHS
HG00706.XY.CHS.EAS	CHS
HG00728.XY.CHS.EAS	CHS
HG00729.XX.CHS.EAS	CHS
HG00978.XX.CDX.EAS	CDX
HG01029.XX.CDX.EAS	CDX
HG01031.XY.CDX.EAS	CDX
HG01046.XX.CDX.EAS	CDX
HG01795.XX.CDX.EAS	CDX
HG01797.XX.CDX.EAS	CDX
HG01801.XX.CDX.EAS	CDX
HG01802.XX.CDX.EAS	CDX
HG01804.XX.CDX.EAS	CDX
HG01808.XX.CDX.EAS	CDX
HG01811.XY.CDX.EAS	CDX
HG01812.XX.CDX.EAS	CDX
HG01816.XY.CDX.EAS	CDX
HG01841.XX.KHV.EAS	KHV
HG01842.XY.KHV.EAS	KHV
HG01843.XX.KHV.EAS	KHV
HG01844.XY.KHV.EAS	KHV
HG01845.XX.KHV.EAS	KHV
HG01848.XX.KHV.EAS	KHV
HG01849.XY.KHV.EAS	KHV
HG01850.XX.KHV.EAS	KHV
HG01852.XY.KHV.EAS	KHV
HG01855.XX.KHV.EAS	KHV
HG01857.XX.KHV.EAS	KHV
HG01858.XX.KHV.EAS	KHV
HG01860.XY.KHV.EAS	KHV
HG01861.XY.KHV.EAS	KHV
HG01862.XX.KHV.EAS	KHV
HG01864.XY.KHV.EAS	KHV
HG01867.XY.KHV.EAS	KHV
HG01868.XX.KHV.EAS	KHV
HG01869.XX.KHV.EAS	KHV
HG01874.XX.KHV.EAS	KHV
HG01878.XX.KHV.EAS	KHV
HG02024.XX.KHV.EAS	KHV
HG02025.XX.KHV.EAS	KHV
HG02026.XY.KHV.EAS	KHV
HG02035.XY.KHV.EAS	KHV
HG02048.XX.KHV.EAS	KHV
HG02049.XX.KHV.EAS	KHV
HG02050.XY.KHV.EAS	KHV
HG02086.XX.KHV.EAS	KHV
HG02088.XY.KHV.EAS	KHV
HG02113.XX.KHV.EAS	KHV
HG02134.XY.KHV.EAS	KHV
HG02140.XX.KHV.EAS	KHV
HG02141.XY.KHV.EAS	KHV
HG02142.XX.KHV.EAS	KHV
HG02151.XX.CDX.EAS	CDX
HG02166.XX.CDX.EAS	CDX
HG02179.XX.CDX.EAS	CDX
HG02181.XX.CDX.EAS	CDX
HG02185.XX.CDX.EAS	CDX
HG02186.XX.CDX.EAS	CDX
HG02187.XX.CDX.EAS	CDX
HG02188.XX.CDX.EAS	CDX
HG02190.XX.CDX.EAS	CDX
HG02351.XY.CDX.EAS	CDX
HG02353.XY.CDX.EAS	CDX
HG02355.XY.CDX.EAS	CDX
HG02356.XY.CDX.EAS	CDX
HG02360.XY.CDX.EAS	CDX
HG02373.XY.CDX.EAS	CDX
HG02374.XY.CDX.EAS	CDX
HG02379.XY.CDX.EAS	CDX
HG02380.XY.CDX.EAS	CDX
HG02385.XY.CDX.EAS	CDX
HG02389.XY.CDX.EAS	CDX
HG02394.XY.CDX.EAS	CDX
HG02396.XY.CDX.EAS	CDX
HG02409.XY.CDX.EAS	CDX
HG00097.XX.GBR.EUR	GBR
HG00102.XX.GBR.EUR	GBR
HG00105.XY.GBR.EUR	GBR
HG00108.XY.GBR.EUR	GBR
HG00109.XY.GBR.EUR	GBR
HG00110.XX.GBR.EUR	GBR
HG00112.XY.GBR.EUR	GBR
HG00113.XY.GBR.EUR	GBR
HG00115.XY.GBR.EUR	GBR
HG00116.XY.GBR.EUR	GBR
HG00119.XY.GBR.EUR	GBR
HG00121.XX.GBR.EUR	GBR
HG00126.XY.GBR.EUR	GBR
HG00127.XX.GBR.EUR	GBR
HG00136.XY.GBR.EUR	GBR
HG00142.XY.GBR.EUR	GBR
HG00143.XY.GBR.EUR	GBR
HG00145.XY.GBR.EUR	GBR
HG00151.XY.GBR.EUR	GBR
HG00154.XX.GBR.EUR	GBR
HG00155.XY.GBR.EUR	GBR
HG00160.XY.GBR.EUR	GBR
HG00171.XX.FIN.EUR	FIN
HG00231.XX.GBR.EUR	GBR
HG00232.XX.GBR.EUR	GBR
HG00233.XX.GBR.EUR	GBR
HG00234.XY.GBR.EUR	GBR
HG00236.XX.GBR.EUR	GBR
HG00237.XX.GBR.EUR	GBR
HG00238.XX.GBR.EUR	GBR
HG00240.XX.GBR.EUR	GBR
HG00245.XX.GBR.EUR	GBR
HG00246.XY.GBR.EUR	GBR
HG00250.XX.GBR.EUR	GBR
HG00253.XX.GBR.EUR	GBR
HG00256.XY.GBR.EUR	GBR
HG00257.XX.GBR.EUR	GBR
HG00259.XX.GBR.EUR	GBR
HG00262.XX.GBR.EUR	GBR
HG00263.XX.GBR.EUR	GBR
HG00264.XY.GBR.EUR	GBR
HG00277.XY.FIN.EUR	FIN
HG00285.XX.FIN.EUR	FIN
HG00304.XX.FIN.EUR	FIN
HG00318.XX.FIN.EUR	FIN
HG00320.XX.FIN.EUR	FIN
HG00326.XX.FIN.EUR	FIN
HG00331.XX.FIN.EUR	FIN
HG00337.XX.FIN.EUR	FIN
HG00355.XX.FIN.EUR	FIN
HG00372.XY.FIN.EUR	FIN
HG00382.XY.FIN.EUR	FIN
HG01334.XY.GBR.EUR	GBR
HG01501.XX.IBS.EUR	IBS
HG01511.XX.IBS.EUR	IBS
HG01515.XY.IBS.EUR	IBS
HG01522.XX.IBS.EUR	IBS
HG01607.XX.IBS.EUR	IBS
HG01613.XX.IBS.EUR	IBS
HG01615.XY.IBS.EUR	IBS
HG01669.XY.IBS.EUR	IBS
HG01682.XY.IBS.EUR	IBS
HG01686.XY.IBS.EUR	IBS
HG01695.XX.IBS.EUR	IBS
HG01762.XX.IBS.EUR	IBS
HG01771.XY.IBS.EUR	IBS
HG01790.XX.GBR.EUR	GBR
HG02215.XX.GBR.EUR	GBR
HG02220.XX.IBS.EUR	IBS
HG02230.XX.IBS.EUR	IBS
HG02232.XX.IBS.EUR	IBS
HG02236.XY.IBS.EUR	IBS
GM20847.XX.GIH.SAS	GIH
HG01593.XX.PJL.SAS	PJL
HG02491.XX.PJL.SAS	PJL
HG02601.XX.PJL.SAS	PJL
HG02694.XX.PJL.SAS	PJL
HG02731.XX.PJL.SAS	PJL
HG02780.XY.PJL.SAS	PJL
HG03009.XY.BEB.SAS	BEB
HG03018.XY.PJL.SAS	PJL
HG03022.XX.PJL.SAS	PJL
HG03603.XY.BEB.SAS	BEB
HG03611.XX.BEB.SAS	BEB
HG03616.XX.BEB.SAS	BEB
HG03629.XY.PJL.SAS	PJL
HG03631.XX.PJL.SAS	PJL
HG03643.XX.STU.SAS	STU
HG03646.XY.STU.SAS	STU
HG03663.XY.PJL.SAS	PJL
HG03667.XY.PJL.SAS	PJL
HG03668.XX.PJL.SAS	PJL
HG03680.XY.STU.SAS	STU
HG03685.XY.STU.SAS	STU
HG03692.XX.STU.SAS	STU
HG03693.XY.STU.SAS	STU
HG03694.XY.STU.SAS	STU
HG03698.XX.STU.SAS	STU
HG03717.XX.ITU.SAS	ITU
HG03720.XY.ITU.SAS	ITU
HG03731.XX.ITU.SAS	ITU
HG03733.XX.STU.SAS	STU
HG03736.XX.STU.SAS	STU
HG03743.XY.STU.SAS	STU
HG03744.XY.STU.SAS	STU
HG03745.XY.STU.SAS	STU
HG03752.XX.STU.SAS	STU
HG03755.XY.STU.SAS	STU
HG03757.XX.STU.SAS	STU
HG03770.XX.ITU.SAS	ITU
HG03772.XX.ITU.SAS	ITU
HG03774.XX.ITU.SAS	ITU
HG03779.XY.ITU.SAS	ITU
HG03787.XX.ITU.SAS	ITU
HG03788.XY.ITU.SAS	ITU
HG03808.XX.BEB.SAS	BEB
HG03814.XX.BEB.SAS	BEB
HG03815.XY.BEB.SAS	BEB
HG03826.XX.BEB.SAS	BEB
HG03849.XX.STU.SAS	STU
HG03851.XY.STU.SAS	STU
HG03857.XX.STU.SAS	STU
HG03858.XX.STU.SAS	STU
HG03861.XX.ITU.SAS	ITU
HG03864.XY.ITU.SAS	ITU
HG03866.XY.ITU.SAS	ITU
HG03868.XX.ITU.SAS	ITU
HG03875.XY.ITU.SAS	ITU
HG03884.XX.STU.SAS	STU
HG03887.XY.STU.SAS	STU
HG03897.XX.STU.SAS	STU
HG03898.XX.STU.SAS	STU
HG03902.XY.BEB.SAS	BEB
HG03910.XX.BEB.SAS	BEB
HG03911.XY.BEB.SAS	BEB
HG03919.XX.BEB.SAS	BEB
HG03920.XY.BEB.SAS	BEB
HG03934.XX.BEB.SAS	BEB
HG03945.XX.STU.SAS	STU
HG03953.XY.STU.SAS	STU
HG03960.XY.ITU.SAS	ITU
HG03971.XY.ITU.SAS	ITU
HG03989.XX.STU.SAS	STU
HG03991.XY.STU.SAS	STU
HG03995.XX.STU.SAS	STU
HG03998.XY.STU.SAS	STU
HG04001.XX.ITU.SAS	ITU
HG04002.XY.ITU.SAS	ITU
HG04019.XY.ITU.SAS	ITU
HG04026.XX.ITU.SAS	ITU
HG04033.XY.STU.SAS	STU
HG04038.XX.STU.SAS	STU
HG04047.XX.STU.SAS	STU
HG04054.XX.ITU.SAS	ITU
HG04056.XY.ITU.SAS	ITU
HG04061.XY.ITU.SAS	ITU
HG04063.XX.ITU.SAS	ITU
HG04076.XX.ITU.SAS	ITU
HG04094.XY.ITU.SAS	ITU
HG04107.XY.STU.SAS	STU
HG04153.XX.BEB.SAS	BEB
HG04157.XY.BEB.SAS	BEB
HG04161.XY.BEB.SAS	BEB
HG04164.XY.BEB.SAS	BEB
HG04171.XX.BEB.SAS	BEB
HG04176.XY.BEB.SAS	BEB
HG04189.XX.BEB.SAS	BEB
HG04202.XX.ITU.SAS	ITU
HG04209.XX.ITU.SAS	ITU
HG04211.XY.ITU.SAS	ITU
HG04212.XX.ITU.SAS	ITU
HG04214.XX.ITU.SAS	ITU
HG04216.XX.ITU.SAS	ITU
HG04235.XY.ITU.SAS	ITU
HG04239.XY.ITU.SAS	ITU
